Gen,Substation,SSR
sym_4035_H,JOHN DAY,93.2967061865724
sym_4031_H,MALIN,45.52586069389115
