Gen,Substation,SSR
sym_4031_H,MALIN,96.2618208797555
sym_4035_H,JOHN DAY,122.50401732099212
