Gen,SSR
sym_4035_H,93.2967061865724
sym_4031_H,45.52586069389115
