Gen,SSR
sym_4035_H,7.282177805
sym_4031_H,46.52369276
