Ref,Area1-Area2,Area2-Area3
Thermal_Current,554.6593147,2610
PV_Current,554.6593147,2610
TSAT_Current,554.6593147,2610
