Name,Pmax_area,P_area,Total_P_gen,Total_Q_gen,Total_P_load,Total_Q_load,Export_P,Export_Q,Import_P,Import_Q
Area1,28797.34,27023.90259,26049.53068,4500.040394,27023.90259,5844.885524,0,0,1103.612398,253.2391957
Area2,20299.26,15913.50399,16394.49998,3331.157934,15913.50399,2431.809818,1103.612398,253.2391957,931.1077859,307.4886755
Area3,28130.36,25119.76509,26340.59997,2795.330528,25119.76509,7488.37162,931.1077859,307.4886755,0,0
