Name,Pmax_area,P_area,Total_P_gen,Total_Q_gen,Total_P_load,Total_Q_load,P_North-Central,Q_North-Central,P_Central-North,Q_Central-North,P_Central-South,Q_Central-South,P_South-Central,Q_South-Central
North,29797.34,27023.90259,25788.56064,4500.040394,27023.90259,5844.885524,-1741,-260,1753,54,-1670,-240,1671,-100
Central,20299.26,15913.50399,16316.43407,3331.157934,15913.50399,2431.809818,,,,,,,,
South,28130.36,25119.76509,27326.58039,2795.330528,25119.76509,7488.37162,,,,,,,,
