Name,Pmax_area,P_area,Total_P_gen,Total_Q_gen,Total_P_load,Total_Q_load,Export_P,Export_Q,Import_P,Import_Q
Area 1,24233.79,19950.43964,21381.65339,4156.682729,19950.43964,4465.035025,1250.867975,155.9276298,0,0
Area_2,12272.58,9640.867012,11081.89998,1818.433093,9640.867012,4325.960626,2611.113748,0,1250.867975,628.3577323
Area_3,24687.431,21435.17905,19148.89999,1869.143423,21435.17905,6222.061646,0,472.4301025,2611.113748,0
